25.20	SY5_rfc0002_judged_trio	federation-research-2026-06-reconciled
22.40	D_logto_same_protection_tier	m2-bridge-logto-2026-07
21.60	Q_GUARDAS_COERENTES	guardas-revisao-2026-08
20.00	Q_SDAAL_NAO_TEM_CONSUMIDOR_SEM_LLM	elenxos-2026-08-07
20.00	Q_PRIMEIRO_DOGFOOD_REAL_DAS_CINCO_CLASSES	catraca-regra49-2026-08
18.00	D_middleware_order_first	m2-bridge-logto-2026-07
14.70	SY6_ev_working_method_kb	federation-research-2026-06-reconciled
14.70	SY5_verdict_leva5	federation-research-2026-06-reconciled
14.70	SY5_count_drift_ssot_closed	federation-research-2026-06-reconciled
14.25	E_SEGUNDO_ADOTANTE_MESMA_CLASSE_DE_EXPOSICAO	identidade-onion-vps-2026-08
12.75	C_MESMA_CLASSE_MUDA_DE_CAMPO_A_CADA_RODADA	catraca-regra49-2026-08
12.60	SY6_ev_worklog_contrato	federation-research-2026-06-reconciled
12.60	SY6_ev_capability_contract_lint	federation-research-2026-06-reconciled
12.60	SY5_mcp_first_leak_closed	federation-research-2026-06-reconciled
12.60	SY5_adopt_durability_closed	federation-research-2026-06-reconciled
12.00	Q_LACUNA_DECISAO_MAIS_CODIGO	identidade-onion-vps-2026-08
12.00	Q_ARANDEK_SEGREDOS_E_BINDS_NO_COMPOSE_COMMITADO	identidade-onion-vps-2026-08
10.80	Q_JWKS_REFETCH_STORM_SEM_PISO_NA_FALHA	m2-bridge-logto-2026-07
10.80	Q_GUARDA_DE_EXPOSICAO_SO_OLHA_PARA_DENTRO	identidade-onion-vps-2026-08
10.80	C_docker_floor_gap	m2-bridge-logto-2026-07
10.50	SY6_ev_whatsapp_extraido	federation-research-2026-06-reconciled
10.50	SY6_ev_licenca_mit	federation-research-2026-06-reconciled
10.50	SY6_ev_integration_branch_helper	federation-research-2026-06-reconciled
10.50	SY6_ev_federation_transport_sdaal	federation-research-2026-06-reconciled
10.50	SY5_evolve_diaries_redecide	federation-research-2026-06-reconciled
10.50	SY5_brand_voice_shipped	federation-research-2026-06-reconciled
10.50	SY5_autonomy_adr_gated_beacon_real	federation-research-2026-06-reconciled
9.60	C_a2a_gate_narrow	m2-bridge-logto-2026-07
9.60	B5_9_verification_checklist	federation-research-2026-06-reconciled
8.40	SY6_ev_team_gated_preservado	federation-research-2026-06-reconciled
8.40	SY6_ev_state_md_ponteiro	federation-research-2026-06-reconciled
8.40	SY6_ev_regua_p0p3_skill	federation-research-2026-06-reconciled
8.40	SY6_ev_proibicoes_arch7	federation-research-2026-06-reconciled
8.40	SY6_ev_porta_publica	federation-research-2026-06-reconciled
8.40	SY6_ev_none_adapter	federation-research-2026-06-reconciled
8.40	SY6_ev_lint_regra5_por_tipo	federation-research-2026-06-reconciled
8.40	SY6_ev_kg_virou_guarda	federation-research-2026-06-reconciled
8.40	SY6_ev_federacao_viva	federation-research-2026-06-reconciled
8.40	SY6_ev_diary_conflict_class	federation-research-2026-06-reconciled
8.40	SY5_vendor_branch_closed	federation-research-2026-06-reconciled
8.40	SY5_strategy_trio_is_one_package	federation-research-2026-06-reconciled
8.40	SY5_prose_backlog_antipattern	federation-research-2026-06-reconciled
8.40	SY5_phase_merge_invariant_held	federation-research-2026-06-reconciled
8.40	SY5_orchestration_skill_shipped_elsewhere	federation-research-2026-06-reconciled
8.40	SY5_ingestor_doctrine_accepted_code_absent	federation-research-2026-06-reconciled
8.40	SY5_federation_kg_ontology_answered	federation-research-2026-06-reconciled
8.40	C_op_promote	m3-federation-admin-2026-07
8.10	Q_INDICE_DO_DIARIO_SEM_CATRACA	guardas-revisao-2026-08
8.00	Q_TRES_GRAFOS_NAO_SAO_YAML_VALIDO	guardas-revisao-2026-08
8.00	Q_SDAAL_EXECUTAVEL_ONDE_PARA	elenxos-2026-08-07
8.00	E_LINT_NAO_ENXERGA_WORKFLOWS	elenxos-2026-08-07
7.50	Q_d2_l1l6_activation	d5-pricing-2026-07
7.50	D_D2_activation	gtm-decisions-2026-07
7.20	Q_FEDERACAO_VISIBILITY_GATE	onion-identity-2026-07
7.20	Q_A2A_SPAWNSYNC_BLOQUEIA_O_EVENT_LOOP	m2-bridge-logto-2026-07
7.00	Q_gatilho	m3-federation-admin-2026-07
6.30	SY6_ev_symlinks_removidos	federation-research-2026-06-reconciled
6.30	SY6_ev_settings_presentes	federation-research-2026-06-reconciled
6.30	SY6_ev_retestar_nunca_recarimbar	federation-research-2026-06-reconciled
6.30	SY6_ev_kbfreshness_gate3	federation-research-2026-06-reconciled
6.30	SY6_ev_inventory_sync_prompt	federation-research-2026-06-reconciled
6.30	SY6_ev_identity_kb	federation-research-2026-06-reconciled
6.30	SY6_ev_evolve_tiering	federation-research-2026-06-reconciled
6.30	SY6_ev_allowed_tools_universal	federation-research-2026-06-reconciled
6.30	SY5_movimento1_vendored_pending_commit	federation-research-2026-06-reconciled
6.30	SY5_marketplace_live	federation-research-2026-06-reconciled
6.30	SY5_kb_freshness_gate_closed	federation-research-2026-06-reconciled
6.30	SY5_catch_up_gap_persists	federation-research-2026-06-reconciled
6.30	SY5_branch_roles_second_resolver	federation-research-2026-06-reconciled
6.30	SY5_a2a_gate_still_unfired	federation-research-2026-06-reconciled
6.00	Q_route_inventory	m2-bridge-logto-2026-07
6.00	Q_PREDICTIVE_ALERTS	graduated-automation-elenxo-2026-07
6.00	Q_COUNTABLE_CRITERIA	graduated-automation-elenxo-2026-07
6.00	Q_A_SENHA_DA_CHAVE_QUEBROU_A_AUTOMACAO	identidade-onion-vps-2026-08
6.00	C_GRANAAI_LINEAGES_UNKNOWN	federation-health-2026-07
5.85	C_op_revoke	m3-federation-admin-2026-07
5.40	Q_MUDEZ_DA_GUARDA_NAO_SE_IDENTIFICA	elenxo-mecanismos-lint-2026-08-13
5.40	C_SEM_GATE_REGRA_SEM_TESTE	guardas-revisao-2026-08
5.20	C_p3_self_service	m3-federation-admin-2026-07
5.20	B6_3_entity_federacao_control_plane	federation-research-2026-06-reconciled
5.10	Q_docker_cgroup_driver	m2-bridge-logto-2026-07
4.80	Q_signup_close_not_via_api	m2-bridge-logto-2026-07
4.80	Q_onprem_tension	m3-federation-admin-2026-07
4.80	Q_RADAR_WIDGET_PARALLEL_FORMULA	onion-doctrine-elenxo-bulbo-2026-07
4.80	Q_MAIS_UM_IMUTAVEL_GATED	identidade-onion-vps-2026-08
4.80	C_S4	granaai-doctrine-absorption-2026-07
4.40	Q_open_trigger	gtm-decisions-2026-07
4.20	SY6_ev_slm_virou_adr	federation-research-2026-06-reconciled
4.20	SY6_ev_presskit_coerente	federation-research-2026-06-reconciled
4.20	SY6_ev_outlier_b_movido	federation-research-2026-06-reconciled
4.20	SY6_ev_outlier_a_corrigido	federation-research-2026-06-reconciled
4.20	SY6_ev_metaspecs_criadas	federation-research-2026-06-reconciled
4.20	SY6_ev_drift_guard_r19	federation-research-2026-06-reconciled
4.20	SY6_ev_adr_toolbox	federation-research-2026-06-reconciled
4.20	SY5_p6_still_blocked	federation-research-2026-06-reconciled
4.20	SY5_onion_meta_question_dissolved	federation-research-2026-06-reconciled
4.20	SY5_meta_factory_doctrine_held	federation-research-2026-06-reconciled
4.20	Q_p10_mutation_not_run	m2-bridge-logto-2026-07
4.20	C_dissent_auth_transversal	vps-shared-tools-2026-07
4.20	B5_9_plugin_root_caveat	federation-research-2026-06-reconciled
4.00	D_ISOLATION_EXTENSION_GATED	constellation-dialogic-layer-2026-07
3.40	C_console_autooff_gap	m2-bridge-logto-2026-07
3.20	REC2_Q_FORMAL_FEDERATION_DEAD_OR_DORMANT	federation-research-2026-06-reconciled
3.00	B6_1_piloto_p3_pendente	federation-research-2026-06-reconciled
2.40	Q_volume_not_reproduced	vendor-multi-branch-2026-07
2.40	Q_orquestrador_gated	kg-diagnose-automation-2026-07
2.00	Q_live_narration	kg-console-rich-design-2026-07
1.80	REC_Q_A2A_LIVE_TRAFFIC_UNVERIFIED	federation-research-2026-06-reconciled
1.60	Q_BULBO_DIAGRAM	onion-doctrine-elenxo-bulbo-2026-07
